2014,01,1,1,BE,47787
2014,01,1,2,BE,21112
2014,01,1,3,BE,19028
2014,01,1,4,BE,7647
2014,01,1,1,BR,2624
2014,01,1,2,BR,2077
2014,01,1,3,BR,352
2014,01,1,4,BR,195
2014,01,1,1,CN,3082
2014,01,1,2,CN,1674
2014,01,1,3,CN,664
2014,01,1,4,CN,744
2014,01,1,1,DE,14432
2014,01,1,2,DE,5912
2014,01,1,3,DE,6308
2014,01,1,4,DE,2212
2014,01,1,1,ES,10693
2014,01,1,2,ES,6724
2014,01,1,3,ES,2604
2014,01,1,4,ES,1365
2014,01,1,1,FR,35260
2014,01,1,2,FR,17700
2014,01,1,3,FR,11511
2014,01,1,4,FR,6049
2014,01,1,1,GB,17699
2014,01,1,2,GB,7220
2014,01,1,3,GB,8038
2014,01,1,4,GB,2441
2014,01,1,1,IN,569
2014,01,1,2,IN,257
2014,01,1,3,IN,240
2014,01,1,4,IN,72
2014,01,1,1,IT,10472
2014,01,1,2,IT,5038
2014,01,1,3,IT,3690
2014,01,1,4,IT,1744
2014,01,1,1,NL,13628
2014,01,1,2,NL,6429
2014,01,1,3,NL,5359
2014,01,1,4,NL,1840
2014,01,1,1,RU,4856
2014,01,1,2,RU,2736
2014,01,1,3,RU,1504
2014,01,1,4,RU,616
2014,01,1,1,US,9264
2014,01,1,2,US,4314
2014,01,1,3,US,4024
2014,01,1,4,US,926
2014,01,1,1,XX,49330
2014,01,1,2,XX,21022
2014,01,1,3,XX,20538
2014,01,1,4,XX,7770
2014,02,1,1,BE,49684
2014,02,1,2,BE,22597
2014,02,1,3,BE,19955
2014,02,1,4,BE,7132
2014,02,1,1,BR,1864
2014,02,1,2,BR,1345
2014,02,1,3,BR,371
2014,02,1,4,BR,148
2014,02,1,1,CN,3857
2014,02,1,2,CN,1966
2014,02,1,3,CN,1038
2014,02,1,4,CN,853
2014,02,1,1,DE,15099
2014,02,1,2,DE,5604
2014,02,1,3,DE,7463
2014,02,1,4,DE,2032
2014,02,1,1,ES,11223
2014,02,1,2,ES,6746
2014,02,1,3,ES,2872
2014,02,1,4,ES,1605
2014,02,1,1,FR,36969
2014,02,1,2,FR,20407
2014,02,1,3,FR,11639
2014,02,1,4,FR,4923
2014,02,1,1,GB,19522
2014,02,1,2,GB,8087
2014,02,1,3,GB,9351
2014,02,1,4,GB,2084
2014,02,1,1,IN,546
2014,02,1,2,IN,266
2014,02,1,3,IN,215
2014,02,1,4,IN,65
2014,02,1,1,IT,10392
2014,02,1,2,IT,4886
2014,02,1,3,IT,3920
2014,02,1,4,IT,1586
2014,02,1,1,NL,13715
2014,02,1,2,NL,6859
2014,02,1,3,NL,5273
2014,02,1,4,NL,1583
2014,02,1,1,RU,2008
2014,02,1,2,RU,1014
2014,02,1,3,RU,694
2014,02,1,4,RU,300
2014,02,1,1,US,9899
2014,02,1,2,US,4328
2014,02,1,3,US,4787
2014,02,1,4,US,784
2014,02,1,1,XX,54971
2014,02,1,2,XX,21013
2014,02,1,3,XX,25487
2014,02,1,4,XX,8471
2014,03,1,1,BE,61499
2014,03,1,2,BE,26676
2014,03,1,3,BE,25888
2014,03,1,4,BE,8935
2014,03,1,1,BR,2329
2014,03,1,2,BR,1706
2014,03,1,3,BR,393
2014,03,1,4,BR,230
2014,03,1,1,CN,5166
2014,03,1,2,CN,2888
2014,03,1,3,CN,1619
2014,03,1,4,CN,659
2014,03,1,1,DE,19519
2014,03,1,2,DE,7609
2014,03,1,3,DE,8778
2014,03,1,4,DE,3132
2014,03,1,1,ES,14337
2014,03,1,2,ES,8153
2014,03,1,3,ES,4189
2014,03,1,4,ES,1995
2014,03,1,1,FR,41356
2014,03,1,2,FR,22156
2014,03,1,3,FR,13716
2014,03,1,4,FR,5484
2014,03,1,1,GB,22793
2014,03,1,2,GB,9889
2014,03,1,3,GB,10266
2014,03,1,4,GB,2638
2014,03,1,1,IN,836
2014,03,1,2,IN,453
2014,03,1,3,IN,274
2014,03,1,4,IN,109
2014,03,1,1,IT,14024
2014,03,1,2,IT,6588
2014,03,1,3,IT,5331
2014,03,1,4,IT,2105
2014,03,1,1,NL,14968
2014,03,1,2,NL,7346
2014,03,1,3,NL,5909
2014,03,1,4,NL,1713
2014,03,1,1,RU,3074
2014,03,1,2,RU,1468
2014,03,1,3,RU,1075
2014,03,1,4,RU,531
2014,03,1,1,US,13716
2014,03,1,2,US,5796
2014,03,1,3,US,6684
2014,03,1,4,US,1236
2014,03,1,1,XX,70130
2014,03,1,2,XX,26773
2014,03,1,3,XX,32533
2014,03,1,4,XX,10824
2014,04,1,1,BE,63032
2014,04,1,2,BE,28703
2014,04,1,3,BE,24113
2014,04,1,4,BE,10216
2014,04,1,1,BR,3456
2014,04,1,2,BR,2626
2014,04,1,3,BR,590
2014,04,1,4,BR,240
2014,04,1,1,CN,6276
2014,04,1,2,CN,4405
2014,04,1,3,CN,1079
2014,04,1,4,CN,792
2014,04,1,1,DE,20757
2014,04,1,2,DE,8894
2014,04,1,3,DE,8968
2014,04,1,4,DE,2895
2014,04,1,1,ES,18713
2014,04,1,2,ES,11630
2014,04,1,3,ES,4921
2014,04,1,4,ES,2162
2014,04,1,1,FR,45520
2014,04,1,2,FR,26109
2014,04,1,3,FR,13847
2014,04,1,4,FR,5564
2014,04,1,1,GB,22217
2014,04,1,2,GB,10264
2014,04,1,3,GB,9553
2014,04,1,4,GB,2400
2014,04,1,1,IN,1109
2014,04,1,2,IN,661
2014,04,1,3,IN,289
2014,04,1,4,IN,159
2014,04,1,1,IT,14043
2014,04,1,2,IT,7515
2014,04,1,3,IT,4612
2014,04,1,4,IT,1916
2014,04,1,1,NL,14381
2014,04,1,2,NL,7267
2014,04,1,3,NL,5402
2014,04,1,4,NL,1712
2014,04,1,1,RU,3613
2014,04,1,2,RU,1970
2014,04,1,3,RU,1220
2014,04,1,4,RU,423
2014,04,1,1,US,15270
2014,04,1,2,US,6695
2014,04,1,3,US,6299
2014,04,1,4,US,2276
2014,04,1,1,XX,72796
2014,04,1,2,XX,34089
2014,04,1,3,XX,27652
2014,04,1,4,XX,11055
2014,05,1,1,BE,70833
2014,05,1,2,BE,31449
2014,05,1,3,BE,28466
2014,05,1,4,BE,10918
2014,05,1,1,BR,3605
2014,05,1,2,BR,2507
2014,05,1,3,BR,792
2014,05,1,4,BR,306
2014,05,1,1,CN,7096
2014,05,1,2,CN,4731
2014,05,1,3,CN,1577
2014,05,1,4,CN,788
2014,05,1,1,DE,21452
2014,05,1,2,DE,8953
2014,05,1,3,DE,9525
2014,05,1,4,DE,2974
2014,05,1,1,ES,16862
2014,05,1,2,ES,10038
2014,05,1,3,ES,4709
2014,05,1,4,ES,2115
2014,05,1,1,FR,48649
2014,05,1,2,FR,26841
2014,05,1,3,FR,15192
2014,05,1,4,FR,6616
2014,05,1,1,GB,22879
2014,05,1,2,GB,9298
2014,05,1,3,GB,10952
2014,05,1,4,GB,2629
2014,05,1,1,IN,1749
2014,05,1,2,IN,880
2014,05,1,3,IN,612
2014,05,1,4,IN,257
2014,05,1,1,IT,12859
2014,05,1,2,IT,6051
2014,05,1,3,IT,4712
2014,05,1,4,IT,2096
2014,05,1,1,NL,14847
2014,05,1,2,NL,7081
2014,05,1,3,NL,5974
2014,05,1,4,NL,1792
2014,05,1,1,RU,4230
2014,05,1,2,RU,2113
2014,05,1,3,RU,1611
2014,05,1,4,RU,506
2014,05,1,1,US,20077
2014,05,1,2,US,9515
2014,05,1,3,US,8301
2014,05,1,4,US,2261
2014,05,1,1,XX,74550
2014,05,1,2,XX,31542
2014,05,1,3,XX,31643
2014,05,1,4,XX,11365
2014,06,1,1,BE,62187
2014,06,1,2,BE,26364
2014,06,1,3,BE,25565
2014,06,1,4,BE,10258
2014,06,1,1,BR,2711
2014,06,1,2,BR,2067
2014,06,1,3,BR,423
2014,06,1,4,BR,221
2014,06,1,1,CN,6468
2014,06,1,2,CN,3837
2014,06,1,3,CN,1431
2014,06,1,4,CN,1200
2014,06,1,1,DE,20824
2014,06,1,2,DE,8318
2014,06,1,3,DE,9402
2014,06,1,4,DE,3104
2014,06,1,1,ES,17989
2014,06,1,2,ES,10484
2014,06,1,3,ES,4906
2014,06,1,4,ES,2599
2014,06,1,1,FR,35851
2014,06,1,2,FR,18532
2014,06,1,3,FR,12039
2014,06,1,4,FR,5280
2014,06,1,1,GB,22911
2014,06,1,2,GB,10019
2014,06,1,3,GB,10366
2014,06,1,4,GB,2526
2014,06,1,1,IN,1295
2014,06,1,2,IN,678
2014,06,1,3,IN,481
2014,06,1,4,IN,136
2014,06,1,1,IT,11063
2014,06,1,2,IT,4787
2014,06,1,3,IT,4566
2014,06,1,4,IT,1710
2014,06,1,1,NL,12419
2014,06,1,2,NL,5559
2014,06,1,3,NL,5378
2014,06,1,4,NL,1482
2014,06,1,1,RU,2988
2014,06,1,2,RU,1583
2014,06,1,3,RU,994
2014,06,1,4,RU,411
2014,06,1,1,US,20289
2014,06,1,2,US,9279
2014,06,1,3,US,8840
2014,06,1,4,US,2170
2014,06,1,1,XX,72622
2014,06,1,2,XX,30888
2014,06,1,3,XX,31411
2014,06,1,4,XX,10323
2014,07,1,1,BE,54351
2014,07,1,2,BE,28067
2014,07,1,3,BE,18128
2014,07,1,4,BE,8156
2014,07,1,1,BR,4670
2014,07,1,2,BR,3302
2014,07,1,3,BR,972
2014,07,1,4,BR,396
2014,07,1,1,CN,10607
2014,07,1,2,CN,7241
2014,07,1,3,CN,2194
2014,07,1,4,CN,1172
2014,07,1,1,DE,17297
2014,07,1,2,DE,8629
2014,07,1,3,DE,6903
2014,07,1,4,DE,1765
2014,07,1,1,ES,20247
2014,07,1,2,ES,13968
2014,07,1,3,ES,4460
2014,07,1,4,ES,1819
2014,07,1,1,FR,29350
2014,07,1,2,FR,17527
2014,07,1,3,FR,7969
2014,07,1,4,FR,3854
2014,07,1,1,GB,22164
2014,07,1,2,GB,11249
2014,07,1,3,GB,8952
2014,07,1,4,GB,1963
2014,07,1,1,IN,1778
2014,07,1,2,IN,952
2014,07,1,3,IN,637
2014,07,1,4,IN,189
2014,07,1,1,IT,9438
2014,07,1,2,IT,5039
2014,07,1,3,IT,3144
2014,07,1,4,IT,1255
2014,07,1,1,NL,11377
2014,07,1,2,NL,6114
2014,07,1,3,NL,4157
2014,07,1,4,NL,1106
2014,07,1,1,RU,3465
2014,07,1,2,RU,2225
2014,07,1,3,RU,899
2014,07,1,4,RU,341
2014,07,1,1,US,21439
2014,07,1,2,US,11021
2014,07,1,3,US,8446
2014,07,1,4,US,1972
2014,07,1,1,XX,72578
2014,07,1,2,XX,39137
2014,07,1,3,XX,24984
2014,07,1,4,XX,8457
2014,08,1,1,BE,56311
2014,08,1,2,BE,30757
2014,08,1,3,BE,17159
2014,08,1,4,BE,8395
2014,08,1,1,BR,3628
2014,08,1,2,BR,2776
2014,08,1,3,BR,558
2014,08,1,4,BR,294
2014,08,1,1,CN,9342
2014,08,1,2,CN,6459
2014,08,1,3,CN,1532
2014,08,1,4,CN,1351
2014,08,1,1,DE,20546
2014,08,1,2,DE,11502
2014,08,1,3,DE,6834
2014,08,1,4,DE,2210
2014,08,1,1,ES,26512
2014,08,1,2,ES,19268
2014,08,1,3,ES,5077
2014,08,1,4,ES,2167
2014,08,1,1,FR,36519
2014,08,1,2,FR,23735
2014,08,1,3,FR,8388
2014,08,1,4,FR,4396
2014,08,1,1,GB,25260
2014,08,1,2,GB,15828
2014,08,1,3,GB,7490
2014,08,1,4,GB,1942
2014,08,1,1,IN,949
2014,08,1,2,IN,614
2014,08,1,3,IN,214
2014,08,1,4,IN,121
2014,08,1,1,IT,16953
2014,08,1,2,IT,10964
2014,08,1,3,IT,4366
2014,08,1,4,IT,1623
2014,08,1,1,NL,12355
2014,08,1,2,NL,7483
2014,08,1,3,NL,3578
2014,08,1,4,NL,1294
2014,08,1,1,RU,3839
2014,08,1,2,RU,2539
2014,08,1,3,RU,957
2014,08,1,4,RU,343
2014,08,1,1,US,17124
2014,08,1,2,US,8549
2014,08,1,3,US,6869
2014,08,1,4,US,1706
2014,08,1,1,XX,63197
2014,08,1,2,XX,38138
2014,08,1,3,XX,17452
2014,08,1,4,XX,7607
2014,09,1,1,BE,61429
2014,09,1,2,BE,24348
2014,09,1,3,BE,25965
2014,09,1,4,BE,11116
2014,09,1,1,BR,3653
2014,09,1,2,BR,2705
2014,09,1,3,BR,675
2014,09,1,4,BR,273
2014,09,1,1,CN,6964
2014,09,1,2,CN,4608
2014,09,1,3,CN,1563
2014,09,1,4,CN,793
2014,09,1,1,DE,21332
2014,09,1,2,DE,8363
2014,09,1,3,DE,9599
2014,09,1,4,DE,3370
2014,09,1,1,ES,18855
2014,09,1,2,ES,11776
2014,09,1,3,ES,4506
2014,09,1,4,ES,2573
2014,09,1,1,FR,33460
2014,09,1,2,FR,16640
2014,09,1,3,FR,11453
2014,09,1,4,FR,5367
2014,09,1,1,GB,23538
2014,09,1,2,GB,9733
2014,09,1,3,GB,11095
2014,09,1,4,GB,2710
2014,09,1,1,IN,1347
2014,09,1,2,IN,711
2014,09,1,3,IN,456
2014,09,1,4,IN,180
2014,09,1,1,IT,12609
2014,09,1,2,IT,5506
2014,09,1,3,IT,5083
2014,09,1,4,IT,2020
2014,09,1,1,NL,12995
2014,09,1,2,NL,5685
2014,09,1,3,NL,5524
2014,09,1,4,NL,1786
2014,09,1,1,RU,3148
2014,09,1,2,RU,1715
2014,09,1,3,RU,1071
2014,09,1,4,RU,362
2014,09,1,1,US,18302
2014,09,1,2,US,7535
2014,09,1,3,US,8886
2014,09,1,4,US,1881
2014,09,1,1,XX,76913
2014,09,1,2,XX,32790
2014,09,1,3,XX,32646
2014,09,1,4,XX,11477
2014,10,1,1,BE,66119
2014,10,1,2,BE,26076
2014,10,1,3,BE,29050
2014,10,1,4,BE,10993
2014,10,1,1,BR,3559
2014,10,1,2,BR,2320
2014,10,1,3,BR,925
2014,10,1,4,BR,314
2014,10,1,1,CN,7014
2014,10,1,2,CN,4452
2014,10,1,3,CN,1652
2014,10,1,4,CN,910
2014,10,1,1,DE,23784
2014,10,1,2,DE,10530
2014,10,1,3,DE,10033
2014,10,1,4,DE,3221
2014,10,1,1,ES,17231
2014,10,1,2,ES,10010
2014,10,1,3,ES,5026
2014,10,1,4,ES,2195
2014,10,1,1,FR,44273
2014,10,1,2,FR,23012
2014,10,1,3,FR,14830
2014,10,1,4,FR,6431
2014,10,1,1,GB,24806
2014,10,1,2,GB,10482
2014,10,1,3,GB,11521
2014,10,1,4,GB,2803
2014,10,1,1,IN,1122
2014,10,1,2,IN,581
2014,10,1,3,IN,376
2014,10,1,4,IN,165
2014,10,1,1,IT,13779
2014,10,1,2,IT,6555
2014,10,1,3,IT,5358
2014,10,1,4,IT,1866
2014,10,1,1,NL,16269
2014,10,1,2,NL,7536
2014,10,1,3,NL,6800
2014,10,1,4,NL,1933
2014,10,1,1,RU,3616
2014,10,1,2,RU,2103
2014,10,1,3,RU,1114
2014,10,1,4,RU,399
2014,10,1,1,US,17041
2014,10,1,2,US,6554
2014,10,1,3,US,9100
2014,10,1,4,US,1387
2014,10,1,1,XX,77729
2014,10,1,2,XX,31617
2014,10,1,3,XX,34688
2014,10,1,4,XX,11424
2014,11,1,1,BE,66903
2014,11,1,2,BE,26306
2014,11,1,3,BE,29031
2014,11,1,4,BE,11566
2014,11,1,1,BR,2453
2014,11,1,2,BR,1624
2014,11,1,3,BR,586
2014,11,1,4,BR,243
2014,11,1,1,CN,5451
2014,11,1,2,CN,3558
2014,11,1,3,CN,1088
2014,11,1,4,CN,805
2014,11,1,1,DE,18909
2014,11,1,2,DE,6888
2014,11,1,3,DE,9172
2014,11,1,4,DE,2849
2014,11,1,1,ES,15985
2014,11,1,2,ES,8640
2014,11,1,3,ES,4966
2014,11,1,4,ES,2379
2014,11,1,1,FR,43037
2014,11,1,2,FR,22636
2014,11,1,3,FR,14259
2014,11,1,4,FR,6142
2014,11,1,1,GB,26475
2014,11,1,2,GB,11180
2014,11,1,3,GB,12724
2014,11,1,4,GB,2571
2014,11,1,1,IN,823
2014,11,1,2,IN,355
2014,11,1,3,IN,351
2014,11,1,4,IN,117
2014,11,1,1,IT,14325
2014,11,1,2,IT,6195
2014,11,1,3,IT,5981
2014,11,1,4,IT,2149
2014,11,1,1,NL,15229
2014,11,1,2,NL,6782
2014,11,1,3,NL,6668
2014,11,1,4,NL,1779
2014,11,1,1,RU,2992
2014,11,1,2,RU,1551
2014,11,1,3,RU,1104
2014,11,1,4,RU,337
2014,11,1,1,US,12486
2014,11,1,2,US,4484
2014,11,1,3,US,6959
2014,11,1,4,US,1043
2014,11,1,1,XX,72614
2014,11,1,2,XX,26308
2014,11,1,3,XX,35285
2014,11,1,4,XX,11021
2014,12,1,1,BE,71336
2014,12,1,2,BE,33533
2014,12,1,3,BE,26267
2014,12,1,4,BE,11536
2014,12,1,1,BR,3577
2014,12,1,2,BR,2765
2014,12,1,3,BR,554
2014,12,1,4,BR,258
2014,12,1,1,CN,4459
2014,12,1,2,CN,3218
2014,12,1,3,CN,846
2014,12,1,4,CN,395
2014,12,1,1,DE,16678
2014,12,1,2,DE,7414
2014,12,1,3,DE,6955
2014,12,1,4,DE,2309
2014,12,1,1,ES,17067
2014,12,1,2,ES,10358
2014,12,1,3,ES,4514
2014,12,1,4,ES,2195
2014,12,1,1,FR,47375
2014,12,1,2,FR,26598
2014,12,1,3,FR,14066
2014,12,1,4,FR,6711
2014,12,1,1,GB,25426
2014,12,1,2,GB,12119
2014,12,1,3,GB,10722
2014,12,1,4,GB,2585
2014,12,1,1,IN,678
2014,12,1,2,IN,384
2014,12,1,3,IN,218
2014,12,1,4,IN,76
2014,12,1,1,IT,15924
2014,12,1,2,IT,8227
2014,12,1,3,IT,5786
2014,12,1,4,IT,1911
2014,12,1,1,NL,16102
2014,12,1,2,NL,8487
2014,12,1,3,NL,5659
2014,12,1,4,NL,1956
2014,12,1,1,RU,2910
2014,12,1,2,RU,1759
2014,12,1,3,RU,769
2014,12,1,4,RU,382
2014,12,1,1,US,12311
2014,12,1,2,US,5240
2014,12,1,3,US,6188
2014,12,1,4,US,883
2014,12,1,1,XX,62806
2014,12,1,2,XX,28364
2014,12,1,3,XX,25068
2014,12,1,4,XX,9374
2015,01,1,1,BE,50880
2015,01,1,2,BE,19418
2015,01,1,3,BE,22399
2015,01,1,4,BE,9063
2015,01,1,1,BR,3844
2015,01,1,2,BR,2874
2015,01,1,3,BR,652
2015,01,1,4,BR,318
2015,01,1,1,CN,3950
2015,01,1,2,CN,2846
2015,01,1,3,CN,797
2015,01,1,4,CN,307
2015,01,1,1,DE,14654
2015,01,1,2,DE,5160
2015,01,1,3,DE,7242
2015,01,1,4,DE,2252
2015,01,1,1,ES,11650
2015,01,1,2,ES,6252
2015,01,1,3,ES,3771
2015,01,1,4,ES,1627
2015,01,1,1,FR,33741
2015,01,1,2,FR,16754
2015,01,1,3,FR,12456
2015,01,1,4,FR,4531
2015,01,1,1,GB,18395
2015,01,1,2,GB,7159
2015,01,1,3,GB,9340
2015,01,1,4,GB,1896
2015,01,1,1,IN,562
2015,01,1,2,IN,257
2015,01,1,3,IN,214
2015,01,1,4,IN,91
2015,01,1,1,IT,11075
2015,01,1,2,IT,5611
2015,01,1,3,IT,4156
2015,01,1,4,IT,1308
2015,01,1,1,NL,12346
2015,01,1,2,NL,5299
2015,01,1,3,NL,5537
2015,01,1,4,NL,1510
2015,01,1,1,RU,3129
2015,01,1,2,RU,2016
2015,01,1,3,RU,789
2015,01,1,4,RU,324
2015,01,1,1,US,10447
2015,01,1,2,US,3892
2015,01,1,3,US,5587
2015,01,1,4,US,968
2015,01,1,1,XX,52596
2015,01,1,2,XX,21073
2015,01,1,3,XX,23328
2015,01,1,4,XX,8195
2015,02,1,1,BE,53117
2015,02,1,2,BE,20951
2015,02,1,3,BE,22571
2015,02,1,4,BE,9595
2015,02,1,1,BR,2561
2015,02,1,2,BR,1964
2015,02,1,3,BR,416
2015,02,1,4,BR,181
2015,02,1,1,CN,5264
2015,02,1,2,CN,3206
2015,02,1,3,CN,1271
2015,02,1,4,CN,787
2015,02,1,1,DE,15376
2015,02,1,2,DE,5563
2015,02,1,3,DE,7578
2015,02,1,4,DE,2235
2015,02,1,1,ES,12392
2015,02,1,2,ES,6451
2015,02,1,3,ES,4495
2015,02,1,4,ES,1446
2015,02,1,1,FR,40072
2015,02,1,2,FR,20267
2015,02,1,3,FR,14436
2015,02,1,4,FR,5369
2015,02,1,1,GB,21046
2015,02,1,2,GB,8915
2015,02,1,3,GB,9926
2015,02,1,4,GB,2205
2015,02,1,1,IN,547
2015,02,1,2,IN,236
2015,02,1,3,IN,219
2015,02,1,4,IN,92
2015,02,1,1,IT,11122
2015,02,1,2,IT,4862
2015,02,1,3,IT,4876
2015,02,1,4,IT,1384
2015,02,1,1,NL,13097
2015,02,1,2,NL,5425
2015,02,1,3,NL,6121
2015,02,1,4,NL,1551
2015,02,1,1,RU,1736
2015,02,1,2,RU,829
2015,02,1,3,RU,706
2015,02,1,4,RU,201
2015,02,1,1,US,10532
2015,02,1,2,US,3571
2015,02,1,3,US,5904
2015,02,1,4,US,1057
2015,02,1,1,XX,56983
2015,02,1,2,XX,21122
2015,02,1,3,XX,27287
2015,02,1,4,XX,8574
2015,03,1,1,BE,63237
2015,03,1,2,BE,23639
2015,03,1,3,BE,27969
2015,03,1,4,BE,11629
2015,03,1,1,BR,2645
2015,03,1,2,BR,1894
2015,03,1,3,BR,536
2015,03,1,4,BR,215
2015,03,1,1,CN,4792
2015,03,1,2,CN,2969
2015,03,1,3,CN,1069
2015,03,1,4,CN,754
2015,03,1,1,DE,20283
2015,03,1,2,DE,7746
2015,03,1,3,DE,9884
2015,03,1,4,DE,2653
2015,03,1,1,ES,16616
2015,03,1,2,ES,8740
2015,03,1,3,ES,5917
2015,03,1,4,ES,1959
2015,03,1,1,FR,37877
2015,03,1,2,FR,17912
2015,03,1,3,FR,14867
2015,03,1,4,FR,5098
2015,03,1,1,GB,25104
2015,03,1,2,GB,9938
2015,03,1,3,GB,12623
2015,03,1,4,GB,2543
2015,03,1,1,IN,985
2015,03,1,2,IN,406
2015,03,1,3,IN,408
2015,03,1,4,IN,171
2015,03,1,1,IT,15714
2015,03,1,2,IT,6830
2015,03,1,3,IT,7006
2015,03,1,4,IT,1878
2015,03,1,1,NL,14031
2015,03,1,2,NL,5587
2015,03,1,3,NL,6655
2015,03,1,4,NL,1789
2015,03,1,1,RU,2009
2015,03,1,2,RU,958
2015,03,1,3,RU,796
2015,03,1,4,RU,255
2015,03,1,1,US,15215
2015,03,1,2,US,4917
2015,03,1,3,US,9000
2015,03,1,4,US,1298
2015,03,1,1,XX,75829
2015,03,1,2,XX,27692
2015,03,1,3,XX,38121
2015,03,1,4,XX,10016
2015,04,1,1,BE,62572
2015,04,1,2,BE,25137
2015,04,1,3,BE,26920
2015,04,1,4,BE,10515
2015,04,1,1,BR,3689
2015,04,1,2,BR,2696
2015,04,1,3,BR,740
2015,04,1,4,BR,253
2015,04,1,1,CN,8475
2015,04,1,2,CN,5755
2015,04,1,3,CN,2119
2015,04,1,4,CN,601
2015,04,1,1,DE,23034
2015,04,1,2,DE,10557
2015,04,1,3,DE,9873
2015,04,1,4,DE,2604
2015,04,1,1,ES,17023
2015,04,1,2,ES,9633
2015,04,1,3,ES,5638
2015,04,1,4,ES,1752
2015,04,1,1,FR,42916
2015,04,1,2,FR,24555
2015,04,1,3,FR,13650
2015,04,1,4,FR,4711
2015,04,1,1,GB,25041
2015,04,1,2,GB,10702
2015,04,1,3,GB,12098
2015,04,1,4,GB,2241
2015,04,1,1,IN,2177
2015,04,1,2,IN,1176
2015,04,1,3,IN,819
2015,04,1,4,IN,182
2015,04,1,1,IT,14813
2015,04,1,2,IT,7554
2015,04,1,3,IT,5455
2015,04,1,4,IT,1804
2015,04,1,1,NL,13604
2015,04,1,2,NL,6629
2015,04,1,3,NL,5671
2015,04,1,4,NL,1304
2015,04,1,1,RU,2666
2015,04,1,2,RU,1384
2015,04,1,3,RU,958
2015,04,1,4,RU,324
2015,04,1,1,US,18013
2015,04,1,2,US,7699
2015,04,1,3,US,9056
2015,04,1,4,US,1258
2015,04,1,1,XX,79248
2015,04,1,2,XX,35692
2015,04,1,3,XX,33176
2015,04,1,4,XX,10380
2015,05,1,1,BE,72939
2015,05,1,2,BE,29258
2015,05,1,3,BE,30223
2015,05,1,4,BE,13458
2015,05,1,1,BR,4449
2015,05,1,2,BR,2994
2015,05,1,3,BR,1147
2015,05,1,4,BR,308
2015,05,1,1,CN,8664
2015,05,1,2,CN,5793
2015,05,1,3,CN,1973
2015,05,1,4,CN,898
2015,05,1,1,DE,26934
2015,05,1,2,DE,12913
2015,05,1,3,DE,10752
2015,05,1,4,DE,3269
2015,05,1,1,ES,16297
2015,05,1,2,ES,9528
2015,05,1,3,ES,5076
2015,05,1,4,ES,1693
2015,05,1,1,FR,48036
2015,05,1,2,FR,26015
2015,05,1,3,FR,15605
2015,05,1,4,FR,6416
2015,05,1,1,GB,26335
2015,05,1,2,GB,10330
2015,05,1,3,GB,13361
2015,05,1,4,GB,2644
2015,05,1,1,IN,3689
2015,05,1,2,IN,2309
2015,05,1,3,IN,864
2015,05,1,4,IN,516
2015,05,1,1,IT,14168
2015,05,1,2,IT,7141
2015,05,1,3,IT,5207
2015,05,1,4,IT,1820
2015,05,1,1,NL,15591
2015,05,1,2,NL,7628
2015,05,1,3,NL,6257
2015,05,1,4,NL,1706
2015,05,1,1,RU,3666
2015,05,1,2,RU,2238
2015,05,1,3,RU,1125
2015,05,1,4,RU,303
2015,05,1,1,US,23197
2015,05,1,2,US,9505
2015,05,1,3,US,11482
2015,05,1,4,US,2210
2015,05,1,1,XX,83770
2015,05,1,2,XX,36302
2015,05,1,3,XX,35852
2015,05,1,4,XX,11616
2015,06,1,1,BE,66111
2015,06,1,2,BE,22210
2015,06,1,3,BE,30597
2015,06,1,4,BE,13304
2015,06,1,1,BR,3393
2015,06,1,2,BR,2216
2015,06,1,3,BR,939
2015,06,1,4,BR,238
2015,06,1,1,CN,10135
2015,06,1,2,CN,6297
2015,06,1,3,CN,2835
2015,06,1,4,CN,1003
2015,06,1,1,DE,27796
2015,06,1,2,DE,12096
2015,06,1,3,DE,11670
2015,06,1,4,DE,4030
2015,06,1,1,ES,18786
2015,06,1,2,ES,10502
2015,06,1,3,ES,6120
2015,06,1,4,ES,2164
2015,06,1,1,FR,37361
2015,06,1,2,FR,17305
2015,06,1,3,FR,13977
2015,06,1,4,FR,6079
2015,06,1,1,GB,29723
2015,06,1,2,GB,11741
2015,06,1,3,GB,14494
2015,06,1,4,GB,3488
2015,06,1,1,IN,2418
2015,06,1,2,IN,1295
2015,06,1,3,IN,759
2015,06,1,4,IN,364
2015,06,1,1,IT,12208
2015,06,1,2,IT,5065
2015,06,1,3,IT,5662
2015,06,1,4,IT,1481
2015,06,1,1,NL,16036
2015,06,1,2,NL,7371
2015,06,1,3,NL,6455
2015,06,1,4,NL,2210
2015,06,1,1,RU,3042
2015,06,1,2,RU,1745
2015,06,1,3,RU,1002
2015,06,1,4,RU,295
2015,06,1,1,US,24690
2015,06,1,2,US,10231
2015,06,1,3,US,11750
2015,06,1,4,US,2709
2015,06,1,1,XX,86476
2015,06,1,2,XX,34718
2015,06,1,3,XX,40071
2015,06,1,4,XX,11687
2015,07,1,1,BE,62024
2015,07,1,2,BE,27790
2015,07,1,3,BE,23960
2015,07,1,4,BE,10274
2015,07,1,1,BR,5081
2015,07,1,2,BR,3635
2015,07,1,3,BR,1102
2015,07,1,4,BR,344
2015,07,1,1,CN,12154
2015,07,1,2,CN,8445
2015,07,1,3,CN,2648
2015,07,1,4,CN,1061
2015,07,1,1,DE,21615
2015,07,1,2,DE,11507
2015,07,1,3,DE,7787
2015,07,1,4,DE,2321
2015,07,1,1,ES,19951
2015,07,1,2,ES,13517
2015,07,1,3,ES,4921
2015,07,1,4,ES,1513
2015,07,1,1,FR,30359
2015,07,1,2,FR,16722
2015,07,1,3,FR,9036
2015,07,1,4,FR,4601
2015,07,1,1,GB,25212
2015,07,1,2,GB,12590
2015,07,1,3,GB,9921
2015,07,1,4,GB,2701
2015,07,1,1,IN,2377
2015,07,1,2,IN,1528
2015,07,1,3,IN,568
2015,07,1,4,IN,281
2015,07,1,1,IT,10357
2015,07,1,2,IT,5908
2015,07,1,3,IT,3340
2015,07,1,4,IT,1109
2015,07,1,1,NL,13549
2015,07,1,2,NL,7411
2015,07,1,3,NL,4343
2015,07,1,4,NL,1795
2015,07,1,1,RU,2496
2015,07,1,2,RU,1364
2015,07,1,3,RU,858
2015,07,1,4,RU,274
2015,07,1,1,US,23765
2015,07,1,2,US,11318
2015,07,1,3,US,10357
2015,07,1,4,US,2090
2015,07,1,1,XX,83998
2015,07,1,2,XX,45491
2015,07,1,3,XX,28602
2015,07,1,4,XX,9905
2015,08,1,1,BE,56449
2015,08,1,2,BE,25791
2015,08,1,3,BE,21410
2015,08,1,4,BE,9248
2015,08,1,1,BR,3419
2015,08,1,2,BR,2479
2015,08,1,3,BR,723
2015,08,1,4,BR,217
2015,08,1,1,CN,12990
2015,08,1,2,CN,8747
2015,08,1,3,CN,2308
2015,08,1,4,CN,1935
2015,08,1,1,DE,22258
2015,08,1,2,DE,12943
2015,08,1,3,DE,6939
2015,08,1,4,DE,2376
2015,08,1,1,ES,26774
2015,08,1,2,ES,18293
2015,08,1,3,ES,6320
2015,08,1,4,ES,2161
2015,08,1,1,FR,35019
2015,08,1,2,FR,20514
2015,08,1,3,FR,10298
2015,08,1,4,FR,4207
2015,08,1,1,GB,26343
2015,08,1,2,GB,14264
2015,08,1,3,GB,9837
2015,08,1,4,GB,2242
2015,08,1,1,IN,1813
2015,08,1,2,IN,1125
2015,08,1,3,IN,460
2015,08,1,4,IN,228
2015,08,1,1,IT,17451
2015,08,1,2,IT,11364
2015,08,1,3,IT,4502
2015,08,1,4,IT,1585
2015,08,1,1,NL,14331
2015,08,1,2,NL,8042
2015,08,1,3,NL,4489
2015,08,1,4,NL,1800
2015,08,1,1,RU,2702
2015,08,1,2,RU,1548
2015,08,1,3,RU,888
2015,08,1,4,RU,266
2015,08,1,1,US,19963
2015,08,1,2,US,9267
2015,08,1,3,US,9167
2015,08,1,4,US,1529
2015,08,1,1,XX,69061
2015,08,1,2,XX,39846
2015,08,1,3,XX,21652
2015,08,1,4,XX,7563
2015,09,1,1,BE,66229
2015,09,1,2,BE,22940
2015,09,1,3,BE,30208
2015,09,1,4,BE,13081
2015,09,1,1,BR,3513
2015,09,1,2,BR,2449
2015,09,1,3,BR,778
2015,09,1,4,BR,286
2015,09,1,1,CN,8469
2015,09,1,2,CN,5357
2015,09,1,3,CN,2241
2015,09,1,4,CN,871
2015,09,1,1,DE,24303
2015,09,1,2,DE,9858
2015,09,1,3,DE,10944
2015,09,1,4,DE,3501
2015,09,1,1,ES,21057
2015,09,1,2,ES,12229
2015,09,1,3,ES,6737
2015,09,1,4,ES,2091
2015,09,1,1,FR,33738
2015,09,1,2,FR,15340
2015,09,1,3,FR,12650
2015,09,1,4,FR,5748
2015,09,1,1,GB,26995
2015,09,1,2,GB,10029
2015,09,1,3,GB,13705
2015,09,1,4,GB,3261
2015,09,1,1,IN,1784
2015,09,1,2,IN,850
2015,09,1,3,IN,724
2015,09,1,4,IN,210
2015,09,1,1,IT,12725
2015,09,1,2,IT,5460
2015,09,1,3,IT,5514
2015,09,1,4,IT,1751
2015,09,1,1,NL,15308
2015,09,1,2,NL,6319
2015,09,1,3,NL,6474
2015,09,1,4,NL,2515
2015,09,1,1,RU,2561
2015,09,1,2,RU,1205
2015,09,1,3,RU,1074
2015,09,1,4,RU,282
2015,09,1,1,US,22317
2015,09,1,2,US,7808
2015,09,1,3,US,12275
2015,09,1,4,US,2234
2015,09,1,1,XX,88452
2015,09,1,2,XX,37247
2015,09,1,3,XX,39558
2015,09,1,4,XX,11647
2015,10,1,1,BE,72027
2015,10,1,2,BE,25372
2015,10,1,3,BE,32064
2015,10,1,4,BE,14591
2015,10,1,1,BR,4016
2015,10,1,2,BR,2745
2015,10,1,3,BR,1015
2015,10,1,4,BR,256
2015,10,1,1,CN,7458
2015,10,1,2,CN,4607
2015,10,1,3,CN,1852
2015,10,1,4,CN,999
2015,10,1,1,DE,26068
2015,10,1,2,DE,11132
2015,10,1,3,DE,11257
2015,10,1,4,DE,3679
2015,10,1,1,ES,21117
2015,10,1,2,ES,12514
2015,10,1,3,ES,6803
2015,10,1,4,ES,1800
2015,10,1,1,FR,44049
2015,10,1,2,FR,21811
2015,10,1,3,FR,15889
2015,10,1,4,FR,6349
2015,10,1,1,GB,25613
2015,10,1,2,GB,9416
2015,10,1,3,GB,13025
2015,10,1,4,GB,3172
2015,10,1,1,IN,1611
2015,10,1,2,IN,883
2015,10,1,3,IN,547
2015,10,1,4,IN,181
2015,10,1,1,IT,13746
2015,10,1,2,IT,6037
2015,10,1,3,IT,5931
2015,10,1,4,IT,1778
2015,10,1,1,NL,18465
2015,10,1,2,NL,8115
2015,10,1,3,NL,7742
2015,10,1,4,NL,2608
2015,10,1,1,RU,2465
2015,10,1,2,RU,1344
2015,10,1,3,RU,891
2015,10,1,4,RU,230
2015,10,1,1,US,20585
2015,10,1,2,US,7832
2015,10,1,3,US,10707
2015,10,1,4,US,2046
2015,10,1,1,XX,88877
2015,10,1,2,XX,36780
2015,10,1,3,XX,39273
2015,10,1,4,XX,12824
2015,11,1,1,BE,55127
2015,11,1,2,BE,18839
2015,11,1,3,BE,24768
2015,11,1,4,BE,11520
2015,11,1,1,BR,1778
2015,11,1,2,BR,1193
2015,11,1,3,BR,452
2015,11,1,4,BR,133
2015,11,1,1,CN,4796
2015,11,1,2,CN,2845
2015,11,1,3,CN,1176
2015,11,1,4,CN,775
2015,11,1,1,DE,15983
2015,11,1,2,DE,5691
2015,11,1,3,DE,8023
2015,11,1,4,DE,2269
2015,11,1,1,ES,12694
2015,11,1,2,ES,6374
2015,11,1,3,ES,4967
2015,11,1,4,ES,1353
2015,11,1,1,FR,28664
2015,11,1,2,FR,12241
2015,11,1,3,FR,11672
2015,11,1,4,FR,4751
2015,11,1,1,GB,19293
2015,11,1,2,GB,6557
2015,11,1,3,GB,10411
2015,11,1,4,GB,2325
2015,11,1,1,IN,1006
2015,11,1,2,IN,461
2015,11,1,3,IN,401
2015,11,1,4,IN,144
2015,11,1,1,IT,10908
2015,11,1,2,IT,4395
2015,11,1,3,IT,5120
2015,11,1,4,IT,1393
2015,11,1,1,NL,13411
2015,11,1,2,NL,5272
2015,11,1,3,NL,5914
2015,11,1,4,NL,2225
2015,11,1,1,RU,1998
2015,11,1,2,RU,930
2015,11,1,3,RU,810
2015,11,1,4,RU,258
2015,11,1,1,US,11470
2015,11,1,2,US,3354
2015,11,1,3,US,6815
2015,11,1,4,US,1301
2015,11,1,1,XX,66928
2015,11,1,2,XX,24868
2015,11,1,3,XX,32032
2015,11,1,4,XX,10028
2015,12,1,1,BE,56506
2015,12,1,2,BE,22063
2015,12,1,3,BE,21596
2015,12,1,4,BE,12847
2015,12,1,1,BR,2131
2015,12,1,2,BR,1619
2015,12,1,3,BR,382
2015,12,1,4,BR,130
2015,12,1,1,CN,4214
2015,12,1,2,CN,2644
2015,12,1,3,CN,1113
2015,12,1,4,CN,457
2015,12,1,1,DE,12334
2015,12,1,2,DE,4589
2015,12,1,3,DE,5800
2015,12,1,4,DE,1945
2015,12,1,1,ES,12866
2015,12,1,2,ES,7383
2015,12,1,3,ES,4212
2015,12,1,4,ES,1271
2015,12,1,1,FR,32735
2015,12,1,2,FR,15875
2015,12,1,3,FR,12076
2015,12,1,4,FR,4784
2015,12,1,1,GB,21761
2015,12,1,2,GB,9603
2015,12,1,3,GB,9767
2015,12,1,4,GB,2391
2015,12,1,1,IN,827
2015,12,1,2,IN,473
2015,12,1,3,IN,274
2015,12,1,4,IN,80
2015,12,1,1,IT,9857
2015,12,1,2,IT,4742
2015,12,1,3,IT,3820
2015,12,1,4,IT,1295
2015,12,1,1,NL,11808
2015,12,1,2,NL,4930
2015,12,1,3,NL,5123
2015,12,1,4,NL,1755
2015,12,1,1,RU,2417
2015,12,1,2,RU,1230
2015,12,1,3,RU,856
2015,12,1,4,RU,331
2015,12,1,1,US,9922
2015,12,1,2,US,3760
2015,12,1,3,US,5385
2015,12,1,4,US,777
2015,12,1,1,XX,52981
2015,12,1,2,XX,22462
2015,12,1,3,XX,22959
2015,12,1,4,XX,7560
2016,01,1,1,BE,49295
2016,01,1,2,BE,17356
2016,01,1,3,BE,22599
2016,01,1,4,BE,9340
2016,01,1,1,BR,2183
2016,01,1,2,BR,1512
2016,01,1,3,BR,479
2016,01,1,4,BR,192
2016,01,1,1,CN,3955
2016,01,1,2,CN,2333
2016,01,1,3,CN,1288
2016,01,1,4,CN,334
2016,01,1,1,DE,14099
2016,01,1,2,DE,4582
2016,01,1,3,DE,7329
2016,01,1,4,DE,2188
2016,01,1,1,ES,11095
2016,01,1,2,ES,5443
2016,01,1,3,ES,4279
2016,01,1,4,ES,1373
2016,01,1,1,FR,28516
2016,01,1,2,FR,12296
2016,01,1,3,FR,11880
2016,01,1,4,FR,4340
2016,01,1,1,GB,17629
2016,01,1,2,GB,5779
2016,01,1,3,GB,9433
2016,01,1,4,GB,2417
2016,01,1,1,IN,807
2016,01,1,2,IN,328
2016,01,1,3,IN,334
2016,01,1,4,IN,145
2016,01,1,1,IT,9233
2016,01,1,2,IT,3696
2016,01,1,3,IT,4128
2016,01,1,4,IT,1409
2016,01,1,1,NL,11961
2016,01,1,2,NL,4208
2016,01,1,3,NL,5987
2016,01,1,4,NL,1766
2016,01,1,1,RU,2259
2016,01,1,2,RU,1233
2016,01,1,3,RU,781
2016,01,1,4,RU,245
2016,01,1,1,US,9748
2016,01,1,2,US,2912
2016,01,1,3,US,5750
2016,01,1,4,US,1086
2016,01,1,1,XX,52503
2016,01,1,2,XX,19573
2016,01,1,3,XX,25771
2016,01,1,4,XX,7159
2016,02,1,1,BE,53748
2016,02,1,2,BE,19835
2016,02,1,3,BE,24017
2016,02,1,4,BE,9896
2016,02,1,1,BR,1574
2016,02,1,2,BR,1052
2016,02,1,3,BR,409
2016,02,1,4,BR,113
2016,02,1,1,CN,4387
2016,02,1,2,CN,2856
2016,02,1,3,CN,1341
2016,02,1,4,CN,190
2016,02,1,1,DE,16514
2016,02,1,2,DE,4965
2016,02,1,3,DE,9284
2016,02,1,4,DE,2265
2016,02,1,1,ES,12018
2016,02,1,2,ES,6044
2016,02,1,3,ES,4535
2016,02,1,4,ES,1439
2016,02,1,1,FR,34334
2016,02,1,2,FR,15546
2016,02,1,3,FR,13433
2016,02,1,4,FR,5355
2016,02,1,1,GB,21645
2016,02,1,2,GB,7520
2016,02,1,3,GB,11226
2016,02,1,4,GB,2899
2016,02,1,1,IN,998
2016,02,1,2,IN,388
2016,02,1,3,IN,496
2016,02,1,4,IN,114
2016,02,1,1,IT,10126
2016,02,1,2,IT,3881
2016,02,1,3,IT,4922
2016,02,1,4,IT,1323
2016,02,1,1,NL,13573
2016,02,1,2,NL,4851
2016,02,1,3,NL,6731
2016,02,1,4,NL,1991
2016,02,1,1,RU,1456
2016,02,1,2,RU,701
2016,02,1,3,RU,630
2016,02,1,4,RU,125
2016,02,1,1,US,10741
2016,02,1,2,US,3073
2016,02,1,3,US,6350
2016,02,1,4,US,1318
2016,02,1,1,XX,61862
2016,02,1,2,XX,21442
2016,02,1,3,XX,32344
2016,02,1,4,XX,8076
2016,03,1,1,BE,52317
2016,03,1,2,BE,18636
2016,03,1,3,BE,23828
2016,03,1,4,BE,9853
2016,03,1,1,BR,1414
2016,03,1,2,BR,925
2016,03,1,3,BR,366
2016,03,1,4,BR,123
2016,03,1,1,CN,4796
2016,03,1,2,CN,3279
2016,03,1,3,CN,1154
2016,03,1,4,CN,363
2016,03,1,1,DE,16436
2016,03,1,2,DE,5600
2016,03,1,3,DE,8536
2016,03,1,4,DE,2300
2016,03,1,1,ES,13096
2016,03,1,2,ES,6639
2016,03,1,3,ES,4915
2016,03,1,4,ES,1542
2016,03,1,1,FR,30329
2016,03,1,2,FR,13257
2016,03,1,3,FR,11677
2016,03,1,4,FR,5395
2016,03,1,1,GB,18854
2016,03,1,2,GB,6446
2016,03,1,3,GB,10015
2016,03,1,4,GB,2393
2016,03,1,1,IN,1034
2016,03,1,2,IN,468
2016,03,1,3,IN,449
2016,03,1,4,IN,117
2016,03,1,1,IT,9297
2016,03,1,2,IT,3656
2016,03,1,3,IT,4233
2016,03,1,4,IT,1408
2016,03,1,1,NL,12276
2016,03,1,2,NL,4194
2016,03,1,3,NL,6241
2016,03,1,4,NL,1841
2016,03,1,1,RU,1640
2016,03,1,2,RU,715
2016,03,1,3,RU,673
2016,03,1,4,RU,252
2016,03,1,1,US,11282
2016,03,1,2,US,3639
2016,03,1,3,US,6178
2016,03,1,4,US,1465
2016,03,1,1,XX,58783
2016,03,1,2,XX,21323
2016,03,1,3,XX,29708
2016,03,1,4,XX,7752
2016,04,1,1,BE,49325
2016,04,1,2,BE,16574
2016,04,1,3,BE,23610
2016,04,1,4,BE,9141
2016,04,1,1,BR,1854
2016,04,1,2,BR,1202
2016,04,1,3,BR,495
2016,04,1,4,BR,157
2016,04,1,1,CN,6768
2016,04,1,2,CN,4349
2016,04,1,3,CN,1555
2016,04,1,4,CN,864
2016,04,1,1,DE,13067
2016,04,1,2,DE,4106
2016,04,1,3,DE,7041
2016,04,1,4,DE,1920
2016,04,1,1,ES,11123
2016,04,1,2,ES,5734
2016,04,1,3,ES,4215
2016,04,1,4,ES,1174
2016,04,1,1,FR,29128
2016,04,1,2,FR,12311
2016,04,1,3,FR,11581
2016,04,1,4,FR,5236
2016,04,1,1,GB,16792
2016,04,1,2,GB,5824
2016,04,1,3,GB,8817
2016,04,1,4,GB,2151
2016,04,1,1,IN,1374
2016,04,1,2,IN,672
2016,04,1,3,IN,555
2016,04,1,4,IN,147
2016,04,1,1,IT,7864
2016,04,1,2,IT,2945
2016,04,1,3,IT,3712
2016,04,1,4,IT,1207
2016,04,1,1,NL,10541
2016,04,1,2,NL,3747
2016,04,1,3,NL,5194
2016,04,1,4,NL,1600
2016,04,1,1,RU,1915
2016,04,1,2,RU,851
2016,04,1,3,RU,807
2016,04,1,4,RU,257
2016,04,1,1,US,9403
2016,04,1,2,US,3347
2016,04,1,3,US,4962
2016,04,1,4,US,1094
2016,04,1,1,XX,55598
2016,04,1,2,XX,20823
2016,04,1,3,XX,27986
2016,04,1,4,XX,6789
2016,05,1,1,BE,56558
2016,05,1,2,BE,20079
2016,05,1,3,BE,26714
2016,05,1,4,BE,9765
2016,05,1,1,BR,2155
2016,05,1,2,BR,1357
2016,05,1,3,BR,633
2016,05,1,4,BR,165
2016,05,1,1,CN,6295
2016,05,1,2,CN,4383
2016,05,1,3,CN,1329
2016,05,1,4,CN,583
2016,05,1,1,DE,17847
2016,05,1,2,DE,6774
2016,05,1,3,DE,8303
2016,05,1,4,DE,2770
2016,05,1,1,ES,12654
2016,05,1,2,ES,7605
2016,05,1,3,ES,3928
2016,05,1,4,ES,1121
2016,05,1,1,FR,32117
2016,05,1,2,FR,14290
2016,05,1,3,FR,12831
2016,05,1,4,FR,4996
2016,05,1,1,GB,17560
2016,05,1,2,GB,5880
2016,05,1,3,GB,9611
2016,05,1,4,GB,2069
2016,05,1,1,IN,2692
2016,05,1,2,IN,1749
2016,05,1,3,IN,763
2016,05,1,4,IN,180
2016,05,1,1,IT,7695
2016,05,1,2,IT,2740
2016,05,1,3,IT,3866
2016,05,1,4,IT,1089
2016,05,1,1,NL,11967
2016,05,1,2,NL,4680
2016,05,1,3,NL,5648
2016,05,1,4,NL,1639
2016,05,1,1,RU,1904
2016,05,1,2,RU,936
2016,05,1,3,RU,743
2016,05,1,4,RU,225
2016,05,1,1,US,13141
2016,05,1,2,US,4670
2016,05,1,3,US,7068
2016,05,1,4,US,1403
2016,05,1,1,XX,63891
2016,05,1,2,XX,25396
2016,05,1,3,XX,30460
2016,05,1,4,XX,8035
2016,06,1,1,BE,54133
2016,06,1,2,BE,16280
2016,06,1,3,BE,28583
2016,06,1,4,BE,9270
2016,06,1,1,BR,2023
2016,06,1,2,BR,1357
2016,06,1,3,BR,515
2016,06,1,4,BR,151
2016,06,1,1,CN,6399
2016,06,1,2,CN,4471
2016,06,1,3,CN,1336
2016,06,1,4,CN,592
2016,06,1,1,DE,18173
2016,06,1,2,DE,5734
2016,06,1,3,DE,9459
2016,06,1,4,DE,2980
2016,06,1,1,ES,14151
2016,06,1,2,ES,7966
2016,06,1,3,ES,4640
2016,06,1,4,ES,1545
2016,06,1,1,FR,27319
2016,06,1,2,FR,10517
2016,06,1,3,FR,11493
2016,06,1,4,FR,5309
2016,06,1,1,GB,21465
2016,06,1,2,GB,7338
2016,06,1,3,GB,11657
2016,06,1,4,GB,2470
2016,06,1,1,IN,2086
2016,06,1,2,IN,1108
2016,06,1,3,IN,786
2016,06,1,4,IN,192
2016,06,1,1,IT,9239
2016,06,1,2,IT,3037
2016,06,1,3,IT,4839
2016,06,1,4,IT,1363
2016,06,1,1,NL,11835
2016,06,1,2,NL,4020
2016,06,1,3,NL,6186
2016,06,1,4,NL,1629
2016,06,1,1,RU,2471
2016,06,1,2,RU,1212
2016,06,1,3,RU,975
2016,06,1,4,RU,284
2016,06,1,1,US,16085
2016,06,1,2,US,6555
2016,06,1,3,US,7953
2016,06,1,4,US,1577
2016,06,1,1,XX,71271
2016,06,1,2,XX,27936
2016,06,1,3,XX,34430
2016,06,1,4,XX,8905
2016,07,1,1,BE,54619
2016,07,1,2,BE,23893
2016,07,1,3,BE,23329
2016,07,1,4,BE,7397
2016,07,1,1,BR,2376
2016,07,1,2,BR,1693
2016,07,1,3,BR,474
2016,07,1,4,BR,209
2016,07,1,1,CN,8693
2016,07,1,2,CN,6398
2016,07,1,3,CN,1710
2016,07,1,4,CN,585
2016,07,1,1,DE,15285
2016,07,1,2,DE,7662
2016,07,1,3,DE,5907
2016,07,1,4,DE,1716
2016,07,1,1,ES,12790
2016,07,1,2,ES,8422
2016,07,1,3,ES,3004
2016,07,1,4,ES,1364
2016,07,1,1,FR,24861
2016,07,1,2,FR,12563
2016,07,1,3,FR,8372
2016,07,1,4,FR,3926
2016,07,1,1,GB,19200
2016,07,1,2,GB,9454
2016,07,1,3,GB,7366
2016,07,1,4,GB,2380
2016,07,1,1,IN,2258
2016,07,1,2,IN,1411
2016,07,1,3,IN,627
2016,07,1,4,IN,220
2016,07,1,1,IT,5535
2016,07,1,2,IT,2535
2016,07,1,3,IT,2087
2016,07,1,4,IT,913
2016,07,1,1,NL,10655
2016,07,1,2,NL,5404
2016,07,1,3,NL,3870
2016,07,1,4,NL,1381
2016,07,1,1,RU,1614
2016,07,1,2,RU,914
2016,07,1,3,RU,545
2016,07,1,4,RU,155
2016,07,1,1,US,15453
2016,07,1,2,US,7398
2016,07,1,3,US,6565
2016,07,1,4,US,1490
2016,07,1,1,XX,64453
2016,07,1,2,XX,34327
2016,07,1,3,XX,23030
2016,07,1,4,XX,7096
2016,08,1,1,BE,47294
2016,08,1,2,BE,21042
2016,08,1,3,BE,19951
2016,08,1,4,BE,6301
2016,08,1,1,BR,1989
2016,08,1,2,BR,1492
2016,08,1,3,BR,358
2016,08,1,4,BR,139
2016,08,1,1,CN,7942
2016,08,1,2,CN,5393
2016,08,1,3,CN,1767
2016,08,1,4,CN,782
2016,08,1,1,DE,14409
2016,08,1,2,DE,8053
2016,08,1,3,DE,5095
2016,08,1,4,DE,1261
2016,08,1,1,ES,14478
2016,08,1,2,ES,10162
2016,08,1,3,ES,2779
2016,08,1,4,ES,1537
2016,08,1,1,FR,27824
2016,08,1,2,FR,15683
2016,08,1,3,FR,8620
2016,08,1,4,FR,3521
2016,08,1,1,GB,19684
2016,08,1,2,GB,10328
2016,08,1,3,GB,7104
2016,08,1,4,GB,2252
2016,08,1,1,IN,1172
2016,08,1,2,IN,727
2016,08,1,3,IN,335
2016,08,1,4,IN,110
2016,08,1,1,IT,6391
2016,08,1,2,IT,3828
2016,08,1,3,IT,1766
2016,08,1,4,IT,797
2016,08,1,1,NL,9561
2016,08,1,2,NL,4814
2016,08,1,3,NL,3584
2016,08,1,4,NL,1163
2016,08,1,1,RU,2388
2016,08,1,2,RU,1338
2016,08,1,3,RU,810
2016,08,1,4,RU,240
2016,08,1,1,US,11446
2016,08,1,2,US,5007
2016,08,1,3,US,5126
2016,08,1,4,US,1313
2016,08,1,1,XX,50590
2016,08,1,2,XX,28880
2016,08,1,3,XX,16683
2016,08,1,4,XX,5027
2016,09,1,1,BE,61088
2016,09,1,2,BE,21328
2016,09,1,3,BE,30772
2016,09,1,4,BE,8988
2016,09,1,1,BR,2428
2016,09,1,2,BR,1750
2016,09,1,3,BR,502
2016,09,1,4,BR,176
2016,09,1,1,CN,6274
2016,09,1,2,CN,3772
2016,09,1,3,CN,1887
2016,09,1,4,CN,615
2016,09,1,1,DE,20737
2016,09,1,2,DE,7850
2016,09,1,3,DE,10312
2016,09,1,4,DE,2575
2016,09,1,1,ES,15351
2016,09,1,2,ES,8908
2016,09,1,3,ES,4520
2016,09,1,4,ES,1923
2016,09,1,1,FR,32389
2016,09,1,2,FR,12908
2016,09,1,3,FR,13487
2016,09,1,4,FR,5994
2016,09,1,1,GB,19603
2016,09,1,2,GB,7538
2016,09,1,3,GB,9914
2016,09,1,4,GB,2151
2016,09,1,1,IN,1962
2016,09,1,2,IN,1274
2016,09,1,3,IN,525
2016,09,1,4,IN,163
2016,09,1,1,IT,8648
2016,09,1,2,IT,3003
2016,09,1,3,IT,4098
2016,09,1,4,IT,1547
2016,09,1,1,NL,11928
2016,09,1,2,NL,4243
2016,09,1,3,NL,5854
2016,09,1,4,NL,1831
2016,09,1,1,RU,2154
2016,09,1,2,RU,1011
2016,09,1,3,RU,863
2016,09,1,4,RU,280
2016,09,1,1,US,14599
2016,09,1,2,US,5450
2016,09,1,3,US,7558
2016,09,1,4,US,1591
2016,09,1,1,XX,70850
2016,09,1,2,XX,28566
2016,09,1,3,XX,33008
2016,09,1,4,XX,9276
2016,10,1,1,BE,69453
2016,10,1,2,BE,25084
2016,10,1,3,BE,32889
2016,10,1,4,BE,11480
2016,10,1,1,BR,2990
2016,10,1,2,BR,2061
2016,10,1,3,BR,690
2016,10,1,4,BR,239
2016,10,1,1,CN,6500
2016,10,1,2,CN,3680
2016,10,1,3,CN,1956
2016,10,1,4,CN,864
2016,10,1,1,DE,21150
2016,10,1,2,DE,8261
2016,10,1,3,DE,10313
2016,10,1,4,DE,2576
2016,10,1,1,ES,15999
2016,10,1,2,ES,8994
2016,10,1,3,ES,4830
2016,10,1,4,ES,2175
2016,10,1,1,FR,41839
2016,10,1,2,FR,19229
2016,10,1,3,FR,16334
2016,10,1,4,FR,6276
2016,10,1,1,GB,20047
2016,10,1,2,GB,7697
2016,10,1,3,GB,10269
2016,10,1,4,GB,2081
2016,10,1,1,IN,1805
2016,10,1,2,IN,1049
2016,10,1,3,IN,582
2016,10,1,4,IN,174
2016,10,1,1,IT,11237
2016,10,1,2,IT,4558
2016,10,1,3,IT,5098
2016,10,1,4,IT,1581
2016,10,1,1,NL,15452
2016,10,1,2,NL,6196
2016,10,1,3,NL,7232
2016,10,1,4,NL,2024
2016,10,1,1,RU,2379
2016,10,1,2,RU,1303
2016,10,1,3,RU,800
2016,10,1,4,RU,276
2016,10,1,1,US,14228
2016,10,1,2,US,4915
2016,10,1,3,US,7067
2016,10,1,4,US,2246
2016,10,1,1,XX,73458
2016,10,1,2,XX,28519
2016,10,1,3,XX,35731
2016,10,1,4,XX,9208
2016,11,1,1,BE,68376
2016,11,1,2,BE,24832
2016,11,1,3,BE,32610
2016,11,1,4,BE,10934
2016,11,1,1,BR,2292
2016,11,1,2,BR,1656
2016,11,1,3,BR,485
2016,11,1,4,BR,151
2016,11,1,1,CN,4353
2016,11,1,2,CN,2312
2016,11,1,3,CN,1284
2016,11,1,4,CN,757
2016,11,1,1,DE,20873
2016,11,1,2,DE,7034
2016,11,1,3,DE,11176
2016,11,1,4,DE,2663
2016,11,1,1,ES,14564
2016,11,1,2,ES,7777
2016,11,1,3,ES,4847
2016,11,1,4,ES,1940
2016,11,1,1,FR,37585
2016,11,1,2,FR,17318
2016,11,1,3,FR,14582
2016,11,1,4,FR,5685
2016,11,1,1,GB,20581
2016,11,1,2,GB,7642
2016,11,1,3,GB,10651
2016,11,1,4,GB,2288
2016,11,1,1,IN,1408
2016,11,1,2,IN,756
2016,11,1,3,IN,466
2016,11,1,4,IN,186
2016,11,1,1,IT,12226
2016,11,1,2,IT,5025
2016,11,1,3,IT,5573
2016,11,1,4,IT,1628
2016,11,1,1,NL,14734
2016,11,1,2,NL,5753
2016,11,1,3,NL,6768
2016,11,1,4,NL,2213
2016,11,1,1,RU,2288
2016,11,1,2,RU,1135
2016,11,1,3,RU,885
2016,11,1,4,RU,268
2016,11,1,1,US,12237
2016,11,1,2,US,4377
2016,11,1,3,US,6077
2016,11,1,4,US,1783
2016,11,1,1,XX,73356
2016,11,1,2,XX,25905
2016,11,1,3,XX,37694
2016,11,1,4,XX,9757
2016,12,1,1,BE,73875
2016,12,1,2,BE,31675
2016,12,1,3,BE,30917
2016,12,1,4,BE,11283
2016,12,1,1,BR,2354
2016,12,1,2,BR,1749
2016,12,1,3,BR,460
2016,12,1,4,BR,145
2016,12,1,1,CN,4503
2016,12,1,2,CN,2986
2016,12,1,3,CN,1296
2016,12,1,4,CN,221
2016,12,1,1,DE,16813
2016,12,1,2,DE,7515
2016,12,1,3,DE,7397
2016,12,1,4,DE,1901
2016,12,1,1,ES,20781
2016,12,1,2,ES,14074
2016,12,1,3,ES,4800
2016,12,1,4,ES,1907
2016,12,1,1,FR,45359
2016,12,1,2,FR,24206
2016,12,1,3,FR,14996
2016,12,1,4,FR,6157
2016,12,1,1,GB,23458
2016,12,1,2,GB,11897
2016,12,1,3,GB,9605
2016,12,1,4,GB,1956
2016,12,1,1,IN,1054
2016,12,1,2,IN,623
2016,12,1,3,IN,348
2016,12,1,4,IN,83
2016,12,1,1,IT,12804
2016,12,1,2,IT,6933
2016,12,1,3,IT,4161
2016,12,1,4,IT,1710
2016,12,1,1,NL,14521
2016,12,1,2,NL,7038
2016,12,1,3,NL,5753
2016,12,1,4,NL,1730
2016,12,1,1,RU,2582
2016,12,1,2,RU,1428
2016,12,1,3,RU,904
2016,12,1,4,RU,250
2016,12,1,1,US,12858
2016,12,1,2,US,4859
2016,12,1,3,US,6029
2016,12,1,4,US,1970
2016,12,1,1,XX,64067
2016,12,1,2,XX,29216
2016,12,1,3,XX,27329
2016,12,1,4,XX,7522
2017,01,1,1,BE,52822
2017,01,1,2,BE,20439
2017,01,1,3,BE,24027
2017,01,1,4,BE,8356
2017,01,1,1,BR,2407
2017,01,1,2,BR,1674
2017,01,1,3,BR,545
2017,01,1,4,BR,188
2017,01,1,1,CN,4125
2017,01,1,2,CN,2586
2017,01,1,3,CN,1169
2017,01,1,4,CN,370
2017,01,1,1,DE,15170
2017,01,1,2,DE,5775
2017,01,1,3,DE,7351
2017,01,1,4,DE,2043
2017,01,1,1,ES,13436
2017,01,1,2,ES,8223
2017,01,1,3,ES,3705
2017,01,1,4,ES,1508
2017,01,1,1,FR,28922
2017,01,1,2,FR,13127
2017,01,1,3,FR,10693
2017,01,1,4,FR,5101
2017,01,1,1,GB,16627
2017,01,1,2,GB,6711
2017,01,1,3,GB,7722
2017,01,1,4,GB,2194
2017,01,1,1,IN,676
2017,01,1,2,IN,299
2017,01,1,3,IN,292
2017,01,1,4,IN,85
2017,01,1,1,IT,9474
2017,01,1,2,IT,4404
2017,01,1,3,IT,3723
2017,01,1,4,IT,1346
2017,01,1,1,NL,11312
2017,01,1,2,NL,4675
2017,01,1,3,NL,5264
2017,01,1,4,NL,1373
2017,01,1,1,RU,2756
2017,01,1,2,RU,1607
2017,01,1,3,RU,884
2017,01,1,4,RU,265
2017,01,1,1,US,10062
2017,01,1,2,US,3255
2017,01,1,3,US,5025
2017,01,1,4,US,1782
2017,01,1,1,XX,55907
2017,01,1,2,XX,23631
2017,01,1,3,XX,25039
2017,01,1,4,XX,7240
2017,02,1,1,BE,56681
2017,02,1,2,BE,22846
2017,02,1,3,BE,23267
2017,02,1,4,BE,10568
2017,02,1,1,BR,2073
2017,02,1,2,BR,1531
2017,02,1,3,BR,415
2017,02,1,4,BR,126
2017,02,1,1,CN,4549
2017,02,1,2,CN,2743
2017,02,1,3,CN,1473
2017,02,1,4,CN,332
2017,02,1,1,DE,17402
2017,02,1,2,DE,6382
2017,02,1,3,DE,8843
2017,02,1,4,DE,2178
2017,02,1,1,ES,13997
2017,02,1,2,ES,8730
2017,02,1,3,ES,3776
2017,02,1,4,ES,1491
2017,02,1,1,FR,36748
2017,02,1,2,FR,18677
2017,02,1,3,FR,12512
2017,02,1,4,FR,5559
2017,02,1,1,GB,18164
2017,02,1,2,GB,7402
2017,02,1,3,GB,8491
2017,02,1,4,GB,2271
2017,02,1,1,IN,925
2017,02,1,2,IN,455
2017,02,1,3,IN,370
2017,02,1,4,IN,100
2017,02,1,1,IT,9417
2017,02,1,2,IT,4108
2017,02,1,3,IT,4006
2017,02,1,4,IT,1302
2017,02,1,1,NL,11876
2017,02,1,2,NL,5076
2017,02,1,3,NL,5293
2017,02,1,4,NL,1507
2017,02,1,1,RU,2380
2017,02,1,2,RU,1329
2017,02,1,3,RU,809
2017,02,1,4,RU,243
2017,02,1,1,US,10181
2017,02,1,2,US,3628
2017,02,1,3,US,5335
2017,02,1,4,US,1218
2017,02,1,1,XX,63670
2017,02,1,2,XX,25285
2017,02,1,3,XX,28904
2017,02,1,4,XX,9482
2017,03,1,1,BE,62623
2017,03,1,2,BE,24594
2017,03,1,3,BE,27349
2017,03,1,4,BE,10679
2017,03,1,1,BR,2363
2017,03,1,2,BR,1639
2017,03,1,3,BR,547
2017,03,1,4,BR,177
2017,03,1,1,CN,5675
2017,03,1,2,CN,3389
2017,03,1,3,CN,1578
2017,03,1,4,CN,708
2017,03,1,1,DE,21142
2017,03,1,2,DE,7840
2017,03,1,3,DE,10301
2017,03,1,4,DE,3000
2017,03,1,1,ES,16332
2017,03,1,2,ES,9428
2017,03,1,3,ES,5005
2017,03,1,4,ES,1898
2017,03,1,1,FR,37516
2017,03,1,2,FR,17204
2017,03,1,3,FR,13523
2017,03,1,4,FR,6788
2017,03,1,1,GB,21249
2017,03,1,2,GB,8262
2017,03,1,3,GB,10246
2017,03,1,4,GB,2740
2017,03,1,1,IN,1363
2017,03,1,2,IN,676
2017,03,1,3,IN,516
2017,03,1,4,IN,171
2017,03,1,1,IT,12669
2017,03,1,2,IT,5688
2017,03,1,3,IT,5421
2017,03,1,4,IT,1561
2017,03,1,1,NL,14743
2017,03,1,2,NL,6057
2017,03,1,3,NL,6338
2017,03,1,4,NL,2348
2017,03,1,1,RU,2486
2017,03,1,2,RU,1282
2017,03,1,3,RU,930
2017,03,1,4,RU,274
2017,03,1,1,US,14261
2017,03,1,2,US,5097
2017,03,1,3,US,7481
2017,03,1,4,US,1684
2017,03,1,1,XX,80061
2017,03,1,2,XX,29137
2017,03,1,3,XX,38236
2017,03,1,4,XX,12692
2017,04,1,1,BE,61637
2017,04,1,2,BE,24365
2017,04,1,3,BE,26093
2017,04,1,4,BE,11179
2017,04,1,1,BR,3556
2017,04,1,2,BR,2458
2017,04,1,3,BR,792
2017,04,1,4,BR,307
2017,04,1,1,CN,8983
2017,04,1,2,CN,5228
2017,04,1,3,CN,2682
2017,04,1,4,CN,1073
2017,04,1,1,DE,21087
2017,04,1,2,DE,9763
2017,04,1,3,DE,8955
2017,04,1,4,DE,2369
2017,04,1,1,ES,17804
2017,04,1,2,ES,11139
2017,04,1,3,ES,4724
2017,04,1,4,ES,1941
2017,04,1,1,FR,42086
2017,04,1,2,FR,22254
2017,04,1,3,FR,13476
2017,04,1,4,FR,6356
2017,04,1,1,GB,20402
2017,04,1,2,GB,9512
2017,04,1,3,GB,8562
2017,04,1,4,GB,2328
2017,04,1,1,IN,1990
2017,04,1,2,IN,1064
2017,04,1,3,IN,730
2017,04,1,4,IN,195
2017,04,1,1,IT,10775
2017,04,1,2,IT,5565
2017,04,1,3,IT,3867
2017,04,1,4,IT,1343
2017,04,1,1,NL,13563
2017,04,1,2,NL,6881
2017,04,1,3,NL,5093
2017,04,1,4,NL,1589
2017,04,1,1,RU,3491
2017,04,1,2,RU,1842
2017,04,1,3,RU,1244
2017,04,1,4,RU,405
2017,04,1,1,US,16235
2017,04,1,2,US,6305
2017,04,1,3,US,8241
2017,04,1,4,US,1689
2017,04,1,1,XX,79422
2017,04,1,2,XX,34355
2017,04,1,3,XX,33751
2017,04,1,4,XX,11317
2017,05,1,1,BE,68791
2017,05,1,2,BE,25229
2017,05,1,3,BE,32051
2017,05,1,4,BE,11511
2017,05,1,1,BR,3742
2017,05,1,2,BR,2596
2017,05,1,3,BR,883
2017,05,1,4,BR,263
2017,05,1,1,CN,9464
2017,05,1,2,CN,5996
2017,05,1,3,CN,2050
2017,05,1,4,CN,1419
2017,05,1,1,DE,21528
2017,05,1,2,DE,8142
2017,05,1,3,DE,10553
2017,05,1,4,DE,2832
2017,05,1,1,ES,15709
2017,05,1,2,ES,9481
2017,05,1,3,ES,4519
2017,05,1,4,ES,1710
2017,05,1,1,FR,39006
2017,05,1,2,FR,18866
2017,05,1,3,FR,13484
2017,05,1,4,FR,6656
2017,05,1,1,GB,19812
2017,05,1,2,GB,7710
2017,05,1,3,GB,9640
2017,05,1,4,GB,2462
2017,05,1,1,IN,3232
2017,05,1,2,IN,1602
2017,05,1,3,IN,1356
2017,05,1,4,IN,274
2017,05,1,1,IT,10607
2017,05,1,2,IT,4943
2017,05,1,3,IT,4245
2017,05,1,4,IT,1419
2017,05,1,1,NL,14444
2017,05,1,2,NL,6277
2017,05,1,3,NL,6214
2017,05,1,4,NL,1954
2017,05,1,1,RU,3432
2017,05,1,2,RU,1924
2017,05,1,3,RU,1172
2017,05,1,4,RU,335
2017,05,1,1,US,18664
2017,05,1,2,US,7308
2017,05,1,3,US,9285
2017,05,1,4,US,2071
2017,05,1,1,XX,85193
2017,05,1,2,XX,33613
2017,05,1,3,XX,38174
2017,05,1,4,XX,13405
2017,06,1,1,BE,62632
2017,06,1,2,BE,21275
2017,06,1,3,BE,30132
2017,06,1,4,BE,11225
2017,06,1,1,BR,3732
2017,06,1,2,BR,2647
2017,06,1,3,BR,835
2017,06,1,4,BR,250
2017,06,1,1,CN,9239
2017,06,1,2,CN,5777
2017,06,1,3,CN,1916
2017,06,1,4,CN,1547
2017,06,1,1,DE,23365
2017,06,1,2,DE,9643
2017,06,1,3,DE,10970
2017,06,1,4,DE,2753
2017,06,1,1,ES,17507
2017,06,1,2,ES,10695
2017,06,1,3,ES,4818
2017,06,1,4,ES,1994
2017,06,1,1,FR,33165
2017,06,1,2,FR,15080
2017,06,1,3,FR,12485
2017,06,1,4,FR,5599
2017,06,1,1,GB,21945
2017,06,1,2,GB,9372
2017,06,1,3,GB,9885
2017,06,1,4,GB,2688
2017,06,1,1,IN,2668
2017,06,1,2,IN,1414
2017,06,1,3,IN,939
2017,06,1,4,IN,315
2017,06,1,1,IT,10729
2017,06,1,2,IT,4576
2017,06,1,3,IT,4435
2017,06,1,4,IT,1718
2017,06,1,1,NL,14202
2017,06,1,2,NL,6330
2017,06,1,3,NL,5782
2017,06,1,4,NL,2090
2017,06,1,1,RU,2860
2017,06,1,2,RU,1656
2017,06,1,3,RU,883
2017,06,1,4,RU,321
2017,06,1,1,US,20917
2017,06,1,2,US,9043
2017,06,1,3,US,9670
2017,06,1,4,US,2204
2017,06,1,1,XX,83793
2017,06,1,2,XX,35919
2017,06,1,3,XX,35437
2017,06,1,4,XX,12436
2017,07,1,1,BE,63220
2017,07,1,2,BE,28508
2017,07,1,3,BE,22814
2017,07,1,4,BE,11899
2017,07,1,1,BR,5101
2017,07,1,2,BR,3608
2017,07,1,3,BR,1141
2017,07,1,4,BR,352
2017,07,1,1,CN,10047
2017,07,1,2,CN,6944
2017,07,1,3,CN,2132
2017,07,1,4,CN,971
2017,07,1,1,DE,20964
2017,07,1,2,DE,10229
2017,07,1,3,DE,8208
2017,07,1,4,DE,2527
2017,07,1,1,ES,18577
2017,07,1,2,ES,11793
2017,07,1,3,ES,3759
2017,07,1,4,ES,3025
2017,07,1,1,FR,29944
2017,07,1,2,FR,15716
2017,07,1,3,FR,9029
2017,07,1,4,FR,5198
2017,07,1,1,GB,21628
2017,07,1,2,GB,11230
2017,07,1,3,GB,8032
2017,07,1,4,GB,2366
2017,07,1,1,IN,3031
2017,07,1,2,IN,1732
2017,07,1,3,IN,1024
2017,07,1,4,IN,275
2017,07,1,1,IT,7016
2017,07,1,2,IT,3409
2017,07,1,3,IT,2490
2017,07,1,4,IT,1117
2017,07,1,1,NL,11584
2017,07,1,2,NL,5789
2017,07,1,3,NL,3703
2017,07,1,4,NL,2092
2017,07,1,1,RU,2570
2017,07,1,2,RU,1403
2017,07,1,3,RU,830
2017,07,1,4,RU,337
2017,07,1,1,US,20879
2017,07,1,2,US,9417
2017,07,1,3,US,9048
2017,07,1,4,US,2413
2017,07,1,1,XX,89681
2017,07,1,2,XX,45124
2017,07,1,3,XX,31160
2017,07,1,4,XX,13399
2017,08,1,1,BE,55619
2017,08,1,2,BE,25367
2017,08,1,3,BE,21924
2017,08,1,4,BE,8329
2017,08,1,1,BR,3529
2017,08,1,2,BR,2666
2017,08,1,3,BR,596
2017,08,1,4,BR,267
2017,08,1,1,CN,8181
2017,08,1,2,CN,5668
2017,08,1,3,CN,1857
2017,08,1,4,CN,655
2017,08,1,1,DE,17939
2017,08,1,2,DE,10475
2017,08,1,3,DE,5490
2017,08,1,4,DE,1974
2017,08,1,1,ES,22131
2017,08,1,2,ES,15297
2017,08,1,3,ES,3770
2017,08,1,4,ES,3063
2017,08,1,1,FR,33628
2017,08,1,2,FR,19273
2017,08,1,3,FR,9576
2017,08,1,4,FR,4779
2017,08,1,1,GB,20777
2017,08,1,2,GB,11701
2017,08,1,3,GB,6905
2017,08,1,4,GB,2172
2017,08,1,1,IN,1920
2017,08,1,2,IN,1161
2017,08,1,3,IN,620
2017,08,1,4,IN,139
2017,08,1,1,IT,8826
2017,08,1,2,IT,5377
2017,08,1,3,IT,2363
2017,08,1,4,IT,1086
2017,08,1,1,NL,12609
2017,08,1,2,NL,6551
2017,08,1,3,NL,4243
2017,08,1,4,NL,1815
2017,08,1,1,RU,3057
2017,08,1,2,RU,1725
2017,08,1,3,RU,1030
2017,08,1,4,RU,303
2017,08,1,1,US,17925
2017,08,1,2,US,7958
2017,08,1,3,US,8132
2017,08,1,4,US,1835
2017,08,1,1,XX,69395
2017,08,1,2,XX,38472
2017,08,1,3,XX,20170
2017,08,1,4,XX,10752
2017,09,1,1,BE,68597
2017,09,1,2,BE,25787
2017,09,1,3,BE,30811
2017,09,1,4,BE,12000
2017,09,1,1,BR,3760
2017,09,1,2,BR,2389
2017,09,1,3,BR,1061
2017,09,1,4,BR,310
2017,09,1,1,CN,7986
2017,09,1,2,CN,4750
2017,09,1,3,CN,2136
2017,09,1,4,CN,1100
2017,09,1,1,DE,23510
2017,09,1,2,DE,10036
2017,09,1,3,DE,10564
2017,09,1,4,DE,2910
2017,09,1,1,ES,18770
2017,09,1,2,ES,10846
2017,09,1,3,ES,4819
2017,09,1,4,ES,3106
2017,09,1,1,FR,31928
2017,09,1,2,FR,15211
2017,09,1,3,FR,10798
2017,09,1,4,FR,5919
2017,09,1,1,GB,22145
2017,09,1,2,GB,8679
2017,09,1,3,GB,10502
2017,09,1,4,GB,2965
2017,09,1,1,IN,2444
2017,09,1,2,IN,1416
2017,09,1,3,IN,775
2017,09,1,4,IN,252
2017,09,1,1,IT,9557
2017,09,1,2,IT,3713
2017,09,1,3,IT,4228
2017,09,1,4,IT,1616
2017,09,1,1,NL,14639
2017,09,1,2,NL,6045
2017,09,1,3,NL,6089
2017,09,1,4,NL,2505
2017,09,1,1,RU,3099
2017,09,1,2,RU,1665
2017,09,1,3,RU,1114
2017,09,1,4,RU,320
2017,09,1,1,US,17967
2017,09,1,2,US,7073
2017,09,1,3,US,9123
2017,09,1,4,US,1771
2017,09,1,1,XX,85091
2017,09,1,2,XX,34504
2017,09,1,3,XX,36415
2017,09,1,4,XX,14170
2017,10,1,1,BE,75856
2017,10,1,2,BE,28840
2017,10,1,3,BE,33628
2017,10,1,4,BE,13388
2017,10,1,1,BR,3733
2017,10,1,2,BR,2642
2017,10,1,3,BR,736
2017,10,1,4,BR,355
2017,10,1,1,CN,7245
2017,10,1,2,CN,3994
2017,10,1,3,CN,2006
2017,10,1,4,CN,1246
2017,10,1,1,DE,26285
2017,10,1,2,DE,11485
2017,10,1,3,DE,11221
2017,10,1,4,DE,3579
2017,10,1,1,ES,19718
2017,10,1,2,ES,11504
2017,10,1,3,ES,5034
2017,10,1,4,ES,3179
2017,10,1,1,FR,43006
2017,10,1,2,FR,21797
2017,10,1,3,FR,14116
2017,10,1,4,FR,7092
2017,10,1,1,GB,20724
2017,10,1,2,GB,8345
2017,10,1,3,GB,9508
2017,10,1,4,GB,2871
2017,10,1,1,IN,1920
2017,10,1,2,IN,1147
2017,10,1,3,IN,591
2017,10,1,4,IN,182
2017,10,1,1,IT,11198
2017,10,1,2,IT,4772
2017,10,1,3,IT,4586
2017,10,1,4,IT,1840
2017,10,1,1,NL,16588
2017,10,1,2,NL,6774
2017,10,1,3,NL,6962
2017,10,1,4,NL,2851
2017,10,1,1,RU,3262
2017,10,1,2,RU,1771
2017,10,1,3,RU,1113
2017,10,1,4,RU,379
2017,10,1,1,US,17179
2017,10,1,2,US,6371
2017,10,1,3,US,9019
2017,10,1,4,US,1788
2017,10,1,1,XX,91036
2017,10,1,2,XX,38811
2017,10,1,3,XX,40155
2017,10,1,4,XX,12072
2017,11,1,1,BE,76490
2017,11,1,2,BE,27174
2017,11,1,3,BE,33935
2017,11,1,4,BE,15381
2017,11,1,1,BR,2562
2017,11,1,2,BR,1785
2017,11,1,3,BR,544
2017,11,1,4,BR,233
2017,11,1,1,CN,5517
2017,11,1,2,CN,2786
2017,11,1,3,CN,1678
2017,11,1,4,CN,1053
2017,11,1,1,DE,22732
2017,11,1,2,DE,8033
2017,11,1,3,DE,11175
2017,11,1,4,DE,3524
2017,11,1,1,ES,17239
2017,11,1,2,ES,8989
2017,11,1,3,ES,5172
2017,11,1,4,ES,3079
2017,11,1,1,FR,40181
2017,11,1,2,FR,18601
2017,11,1,3,FR,13831
2017,11,1,4,FR,7749
2017,11,1,1,GB,22170
2017,11,1,2,GB,8463
2017,11,1,3,GB,10438
2017,11,1,4,GB,3268
2017,11,1,1,IN,1333
2017,11,1,2,IN,739
2017,11,1,3,IN,412
2017,11,1,4,IN,182
2017,11,1,1,IT,11999
2017,11,1,2,IT,4924
2017,11,1,3,IT,5092
2017,11,1,4,IT,1983
2017,11,1,1,NL,16210
2017,11,1,2,NL,6864
2017,11,1,3,NL,6407
2017,11,1,4,NL,2940
2017,11,1,1,RU,2879
2017,11,1,2,RU,1397
2017,11,1,3,RU,1051
2017,11,1,4,RU,431
2017,11,1,1,US,14603
2017,11,1,2,US,5089
2017,11,1,3,US,7505
2017,11,1,4,US,2009
2017,11,1,1,XX,86006
2017,11,1,2,XX,33117
2017,11,1,3,XX,40341
2017,11,1,4,XX,12546
